{"cameraMode":{"drawMode":0,"name":"Shaded","section":"Shading Mode"},"sceneLighting":true,"audioPlay":false,"sceneViewState":{"showFog":true,"showMaterialUpdate":false,"showSkybox":true,"showFlares":true,"showImageEffects":true,"showParticleSystems":true},"in2DMode":false,"pivot":{"x":18.207056045532228,"y":7.426033973693848,"z":16.997770309448243},"rotation":{"x":-0.10984528809785843,"y":0.8704748749732971,"z":-0.22579585015773774,"w":-0.42338278889656069},"size":7.792712211608887,"orthographic":false}